id,name,firstName
100,Atta Shah,atta@example.com
101,Alex Jones,alex@example.com
102,Jovan Lee,jovan@example.com
103,Greg Hover,greg@example.com
S10, S10 new Student, S10@@example.com
S1, Duplicates S1 Test#1, S1@@example.com
S1, Duplicates S1 Test#2, S1@@example.com
S1, S1-name, S1-FirstName
109,Nine Hover,nine@example.com